h,y,dgdy_0,dgdp
1.0000000000000000e-03,9.7141800214440024e-15,2.1339511914752790e-13,1.6011128730426096e-13
5.0000000000000001e-03,8.6780008191566423e-14,4.5316498664651949e-10,4.6376723859780411e-10
1.0000000000000000e-02,6.8217829200590504e-12,1.3868221205053615e-10,1.0211752635642175e-10
5.0000000000000003e-02,5.3777988624151636e-08,9.5824790179040456e-07,1.1513308850047135e-06
1.0000000000000001e-01,3.4864796856477819e-06,6.7632620393846395e-05,7.8124214468705110e-05
5.0000000000000000e-01,2.1635858352230676e-02,6.5745175919651814e+01,3.2025849573085345e+01
