h,y,dgdy_0,dgdp
5.0000000000000000e-01,1.5126907054236090e+00,5.5752697258719216e+01,5.9463291455172296e+01
2.5000000000000000e-01,4.1047841793776414e-02,3.1045915106211719e-01,2.4507734555346425e-02
1.2500000000000000e-01,2.0810202052229201e-03,1.5666175188485756e-02,3.3010854459642101e-02
6.2500000000000000e-02,1.2028916763871695e-04,4.2362797092663131e-03,5.7314186272636077e-03
3.1250000000000000e-02,7.1091920015527455e-06,6.3547340885236636e-04,7.8574987293292449e-04
1.5625000000000000e-02,4.1706540470403247e-07,8.4884429595184020e-05,1.0149926290283826e-04
