h,y,dgdy_0,dgdp
5.0000000000000001e-04,8.6780008191558875e-14,1.2864782941897008e-12,1.2530997791437559e-12
5.0000000000000001e-03,4.5820330034144161e-11,3.3372782359701012e-08,3.1205346303852097e-08
5.0000000000000003e-02,7.2628273826163926e-07,3.0687745674421108e-04,2.9030615612992300e-04
5.0000000000000000e-01,2.5596286574305055e-01,5.1279976548460382e-01,5.3319304321127903e-01
