h,y,dgdy_0,dgdp
5.0000000000000001e-04,7.1237320157249827e-14,3.9730728731650567e-12,3.8373022722721214e-12
5.0000000000000001e-03,2.6131144257682096e-13,2.3353162301950291e-12,1.3877890573203719e-12
5.0000000000000003e-02,5.3778078966021156e-08,9.5825400678265275e-07,1.1513368735504898e-06
5.0000000000000000e-01,2.1635858352141855e-02,6.5745175919933445e+01,3.2025849573219290e+01
