h,y,dgdy_0,dgdp
5.0000000000000000e-01,2.5596286574319493e-01,5.1279976548729744e-01,5.3319304321360528e-01
2.5000000000000000e-01,5.3390877719936948e-03,7.8545430253087897e-02,9.3283737266948552e-02
1.2500000000000000e-01,1.2602772811142173e-04,9.9077771005562539e-03,9.6974935697249302e-03
6.2500000000000000e-02,2.6698376116243306e-06,7.2967884371968970e-04,6.9317046522286870e-04
3.1250000000000000e-02,3.1747924431349268e-08,4.8583059291061263e-05,4.5709841201395378e-05
1.5625000000000000e-02,1.8689185418636804e-09,3.1245298389373965e-06,2.9283942207148556e-06
