h,y,dgdy_0,dgdp
5.0000000000000000e-01,2.1635858352230676e-02,6.5745175919651814e+01,3.2025849573085345e+01
2.5000000000000000e-01,1.6436169210333560e-03,1.1557459761889540e-02,1.6134974895652070e-02
1.2500000000000000e-01,1.3713716599449807e-05,2.5098767508060371e-04,2.9062536178304008e-04
6.2500000000000000e-02,2.0235471529873498e-07,3.9547788836267379e-06,4.6370732736997525e-06
3.1250000000000000e-02,3.5298058138290281e-09,3.5232501019567723e-08,4.9755054494925079e-08
1.5625000000000000e-02,7.4863461656260711e-11,6.1347598777679335e-10,2.4592746348443288e-10
