h,y,dgdy_0,dgdp
1.0000000000000000e-03,5.3751796118658321e-14,5.5328745948683121e-11,5.1345984511108462e-11
5.0000000000000001e-03,4.5616494156699453e-11,3.3825071741384724e-08,3.1668774371638020e-08
1.0000000000000000e-02,5.3700586199645268e-10,5.2942950038867296e-07,4.9557227209572676e-07
5.0000000000000003e-02,7.2628285693662203e-07,3.0687746409307863e-04,2.9030616298705018e-04
1.0000000000000001e-01,3.6969682875039790e-05,4.3667365291222100e-03,4.2143377710355378e-03
5.0000000000000000e-01,2.5596286574319571e-01,5.1279976548727768e-01,5.3319304321359884e-01
